{"episode_reward_max": 307.1499634153672, "episode_reward_min": 9.745939683482941, "episode_reward_mean": 123.16798896847695, "episode_len_mean": 41.385416666666664, "episode_media": {}, "episodes_this_iter": 96, "policy_reward_min": {}, "policy_reward_max": {}, "policy_reward_mean": {}, "custom_metrics": {}, "hist_stats": {"constant": [], "weight_reward": [], "exposure": [], "positive_weight_reward": [], "episode_num": [], "step_num": [], "episode_reward": [166.59698948360085, 284.24041602227, 101.8699819121054, 100.4965936155896, 62.03507397964378, 155.815175201801, 30.71158836337851, 39.98332692141021, 67.6690517169975, 14.26685536261561, 163.6255488366595, 208.0850024377301, 39.39819581401578, 170.89065599081377, 106.60476292229592, 120.83686433115668, 33.107755392508246, 43.43268142321624, 101.39791898529609, 153.45086307383323, 286.9537959158676, 272.66292238239004, 150.44810571561118, 119.38322106427863, 197.33239762286507, 143.4311995706623, 36.84268615936686, 87.84528613872106, 109.12980321088219, 28.905070319130676, 105.245180510555, 143.2522247036695, 64.12944274828963, 260.49462894743215, 191.18588736308908, 123.05883932521235, 119.88810966061308, 16.52985066439132, 170.9082994139348, 14.354353194413061, 290.96821053622, 47.247401503031966, 215.17050049397807, 124.04739805393427, 99.55369923475763, 101.3524191800252, 109.19944166593288, 218.92467477807352, 197.93293088022463, 96.2909200702367, 44.07956541192599, 165.99767602582662, 138.64050923108033, 204.29499320279587, 133.3029998214834, 56.93787598363328, 94.5344301155727, 161.88218116989339, 146.31983671333003, 236.72284455760277, 98.89204646025324, 128.4698312220775, 9.745939683482941, 116.56421678594641, 125.69395572264635, 178.56759331424294, 141.6784698611406, 73.77523925353296, 86.59778097135829, 11.458036895552931, 277.99053929159453, 52.69707339811796, 134.96772338445598, 68.60317360497147, 307.1499634153672, 109.54251351186463, 192.12980152478886, 71.27598972004152, 141.99001961163637, 38.07260406667848, 248.3751849514591, 88.35615633393199, 98.92270812294753, 103.1236936909589, 169.05566278153245, 143.20576928268196, 88.4065933100051, 20.786647433696913, 173.60414055740708, 159.18755251827992, 43.99210818564621, 156.9505732824167, 128.69754552695963, 49.93494290108676, 39.62391974542166, 56.144115601730796], "episode_lengths": [58, 105, 34, 37, 21, 49, 10, 14, 19, 4, 57, 61, 13, 61, 36, 50, 14, 16, 31, 55, 85, 94, 52, 29, 61, 53, 11, 29, 37, 9, 38, 39, 17, 90, 68, 38, 38, 7, 52, 3, 94, 23, 73, 40, 32, 39, 38, 74, 61, 31, 13, 49, 47, 78, 40, 21, 35, 63, 52, 76, 39, 42, 2, 44, 40, 57, 57, 27, 28, 4, 93, 20, 45, 22, 94, 38, 69, 21, 47, 10, 83, 29, 31, 40, 53, 60, 27, 6, 53, 57, 18, 49, 43, 18, 14, 19]}, "sampler_perf": {"mean_raw_obs_processing_ms": 1.6994506113233039, "mean_inference_ms": 0.885390126982262, "mean_action_processing_ms": 0.12660735668286296, "mean_env_wait_ms": 0.0893520254160398, "mean_env_render_ms": 0.0}, "off_policy_estimator": {}, "num_healthy_workers": 1, "timesteps_total": 4000, "timesteps_this_iter": 4000, "agent_timesteps_total": 4000, "timers": {"sample_time_ms": 11249.778, "sample_throughput": 355.563, "load_time_ms": 16.592, "load_throughput": 241083.129, "learn_time_ms": 35759.708, "learn_throughput": 111.858, "update_time_ms": 0.0}, "info": {"learner": {"default_policy": {"learner_stats": {"allreduce_latency": 0.0, "cur_kl_coeff": 0.20000000000000004, "cur_lr": 5.0000000000000016e-05, "total_loss": 24993.950720346103, "policy_loss": -0.019593504928452993, "vf_loss": 24993.966837827622, "vf_explained_var": 0.01595669497725784, "kl": 0.018073345810481322, "entropy": 1.4216985898633157, "entropy_coeff": 0.0}, "model": {}, "custom_metrics": {}}}, "num_steps_sampled": 4000, "num_agent_steps_sampled": 4000, "num_steps_trained": 4000, "num_steps_trained_this_iter": 4000, "num_agent_steps_trained": 4000}, "done": false, "episodes_total": 96, "training_iteration": 1, "trial_id": "558a3_00000", "experiment_id": "1ef3be9b426840629338cb819c0344d7", "date": "2024-07-02_11-16-22", "timestamp": 1719890182, "time_this_iter_s": 47.015679359436035, "time_total_s": 47.015679359436035, "pid": 14956, "hostname": "DESKTOP-GIIT3U4", "node_ip": "127.0.0.1", "config": {"num_workers": 1, "num_envs_per_worker": 1, "create_env_on_driver": false, "rollout_fragment_length": 4000, "batch_mode": "truncate_episodes", "gamma": 1.0, "lr": 5e-05, "train_batch_size": 4000, "model": {"_use_default_native_models": false, "_disable_preprocessor_api": false, "_disable_action_flattening": false, "fcnet_hiddens": [256, 256], "fcnet_activation": "tanh", "conv_filters": null, "conv_activation": "relu", "post_fcnet_hiddens": [], "post_fcnet_activation": "relu", "free_log_std": false, "no_final_linear": false, "vf_share_layers": false, "use_lstm": true, "max_seq_len": 20, "lstm_cell_size": 256, "lstm_use_prev_action": false, "lstm_use_prev_reward": false, "_time_major": false, "use_attention": false, "attention_num_transformer_units": 1, "attention_dim": 64, "attention_num_heads": 1, "attention_head_dim": 32, "attention_memory_inference": 50, "attention_memory_training": 50, "attention_position_wise_mlp_dim": 32, "attention_init_gru_gate_bias": 2.0, "attention_use_n_prev_actions": 0, "attention_use_n_prev_rewards": 0, "framestack": true, "dim": 84, "grayscale": false, "zero_mean": true, "custom_model": null, "custom_model_config": {}, "custom_action_dist": null, "custom_preprocessor": null, "lstm_use_prev_action_reward": -1}, "optimizer": {}, "horizon": null, "soft_horizon": false, "no_done_at_end": false, "env": "my_env", "observation_space": null, "action_space": null, "env_config": {}, "remote_worker_envs": false, "remote_env_batch_wait_ms": 0, "env_task_fn": null, "render_env": false, "record_env": false, "clip_rewards": null, "normalize_actions": true, "clip_actions": false, "preprocessor_pref": "deepmind", "log_level": "WARN", "callbacks": "<class '__main__.MyCallbacks'>", "ignore_worker_failures": true, "log_sys_usage": true, "fake_sampler": false, "framework": "torch", "eager_tracing": false, "eager_max_retraces": 20, "explore": true, "exploration_config": {"type": "StochasticSampling"}, "evaluation_interval": null, "evaluation_duration": 10, "evaluation_duration_unit": "episodes", "evaluation_parallel_to_training": false, "in_evaluation": false, "evaluation_config": {"num_workers": 1, "num_envs_per_worker": 1, "create_env_on_driver": false, "rollout_fragment_length": 4000, "batch_mode": "truncate_episodes", "gamma": 1.0, "lr": 5e-05, "train_batch_size": 4000, "model": {"_use_default_native_models": false, "_disable_preprocessor_api": false, "_disable_action_flattening": false, "fcnet_hiddens": [256, 256], "fcnet_activation": "tanh", "conv_filters": null, "conv_activation": "relu", "post_fcnet_hiddens": [], "post_fcnet_activation": "relu", "free_log_std": false, "no_final_linear": false, "vf_share_layers": false, "use_lstm": true, "max_seq_len": 20, "lstm_cell_size": 256, "lstm_use_prev_action": false, "lstm_use_prev_reward": false, "_time_major": false, "use_attention": false, "attention_num_transformer_units": 1, "attention_dim": 64, "attention_num_heads": 1, "attention_head_dim": 32, "attention_memory_inference": 50, "attention_memory_training": 50, "attention_position_wise_mlp_dim": 32, "attention_init_gru_gate_bias": 2.0, "attention_use_n_prev_actions": 0, "attention_use_n_prev_rewards": 0, "framestack": true, "dim": 84, "grayscale": false, "zero_mean": true, "custom_model": null, "custom_model_config": {}, "custom_action_dist": null, "custom_preprocessor": null, "lstm_use_prev_action_reward": -1}, "optimizer": {}, "horizon": null, "soft_horizon": false, "no_done_at_end": false, "env": "my_env", "observation_space": null, "action_space": null, "env_config": {}, "remote_worker_envs": false, "remote_env_batch_wait_ms": 0, "env_task_fn": null, "render_env": false, "record_env": false, "clip_rewards": null, "normalize_actions": true, "clip_actions": false,